"source","destination","count","p50_seconds","p95_seconds","p99_seconds","mean_seconds"
"3f9e91fa7defd58ea6c946626c9c8c3febfc58d80718caf159d5c63f411d14f6","92521f41ebf53397a49520f6b5742487f6fbba866aaaa35fc4e2c6572d9b2db2",5,0.5613820419999911,0.6194945480000342,0.6194945480000342,0.5671295165999937
"3f9e91fa7defd58ea6c946626c9c8c3febfc58d80718caf159d5c63f411d14f6","9949508abc9d5e696bec32e1ad4ab6d5d88f8440d28995012268cf681bd15ccd",5,0.48415891599995575,0.5139694519999694,0.5139694519999694,0.48394909739997727
"3f9e91fa7defd58ea6c946626c9c8c3febfc58d80718caf159d5c63f411d14f6","a0772e77eaae95d15963b0be3e28594181d45a6cea73a55d86ee0fc174175139",5,0.38486033200001657,0.4384097560000555,0.4384097560000555,0.3981342660000564
"92521f41ebf53397a49520f6b5742487f6fbba866aaaa35fc4e2c6572d9b2db2","3f9e91fa7defd58ea6c946626c9c8c3febfc58d80718caf159d5c63f411d14f6",5,0.3994345620000104,0.4455576820000715,0.4455576820000715,0.4030485698000348
"92521f41ebf53397a49520f6b5742487f6fbba866aaaa35fc4e2c6572d9b2db2","9949508abc9d5e696bec32e1ad4ab6d5d88f8440d28995012268cf681bd15ccd",5,0.3209275519999437,0.32660371999998006,0.32660371999998006,0.32036262179997266
"92521f41ebf53397a49520f6b5742487f6fbba866aaaa35fc4e2c6572d9b2db2","a0772e77eaae95d15963b0be3e28594181d45a6cea73a55d86ee0fc174175139",5,0.2899390720000383,0.3306385749999663,0.3306385749999663,0.2951466401999596
"9949508abc9d5e696bec32e1ad4ab6d5d88f8440d28995012268cf681bd15ccd","3f9e91fa7defd58ea6c946626c9c8c3febfc58d80718caf159d5c63f411d14f6",5,0.41310364200001004,0.46255895199999486,0.46255895199999486,0.4175977805999992
"9949508abc9d5e696bec32e1ad4ab6d5d88f8440d28995012268cf681bd15ccd","92521f41ebf53397a49520f6b5742487f6fbba866aaaa35fc4e2c6572d9b2db2",5,0.3041780410000001,0.30838108500006456,0.30838108500006456,0.30295556360003956
"9949508abc9d5e696bec32e1ad4ab6d5d88f8440d28995012268cf681bd15ccd","a0772e77eaae95d15963b0be3e28594181d45a6cea73a55d86ee0fc174175139",5,0.3161518960000649,0.33508096599996406,0.33508096599996406,0.301809050199995
"a0772e77eaae95d15963b0be3e28594181d45a6cea73a55d86ee0fc174175139","3f9e91fa7defd58ea6c946626c9c8c3febfc58d80718caf159d5c63f411d14f6",5,0.5426735610000151,0.6707400820000657,0.6707400820000657,0.5571016294000174
"a0772e77eaae95d15963b0be3e28594181d45a6cea73a55d86ee0fc174175139","92521f41ebf53397a49520f6b5742487f6fbba866aaaa35fc4e2c6572d9b2db2",5,0.4242373239999324,0.4537617470000441,0.4537617470000441,0.42435539960001734
"a0772e77eaae95d15963b0be3e28594181d45a6cea73a55d86ee0fc174175139","9949508abc9d5e696bec32e1ad4ab6d5d88f8440d28995012268cf681bd15ccd",5,0.3448424429999477,0.3754973270000619,0.3754973270000619,0.34458999699998005
